sku,category,description,mfr,mfr_part,supplier_id,supplier_part,uom,pack_qty,supplier_moq,cost_cents,stock_qty,lead_time_days,status,superseded_by,export_controlled,certs,aliases
AF-10101,fasteners,"Hex cap screw, 1/4-20 x 1 in, Grade 5, zinc plated",Tallis Fastener Co.,TF-HC2510-G5Z,S-TAL,TF-HC2510-G5Z,EA,100,100,6,600,8,active,,N,CoC;RoHS,
AF-10102,fasteners,"Hex cap screw, 1/4-20 x 1 in, Grade 8, yellow zinc",Tallis Fastener Co.,TF-HC2510-G8Y,S-TAL,TF-HC2510-G8Y,EA,100,100,11,1000,8,active,,N,CoC;MTR;RoHS,
AF-10103,fasteners,"Hex cap screw, 1/4-20 x 1-1/2 in, Grade 5, zinc plated",Tallis Fastener Co.,TF-HC2515-G5Z,S-TAL,TF-HC2515-G5Z,EA,100,100,8,1100,8,active,,N,CoC;RoHS,
AF-10104,fasteners,"Hex cap screw, 1/4-20 x 1-1/2 in, Grade 8, yellow zinc",Tallis Fastener Co.,TF-HC2515-G8Y,S-TAL,TF-HC2515-G8Y,EA,100,100,13,1350,8,active,,N,CoC;MTR;RoHS,
AF-10105,fasteners,"Hex cap screw, 1/4-20 x 2 in, Grade 5, zinc plated",Tallis Fastener Co.,TF-HC2520-G5Z,S-TAL,TF-HC2520-G5Z,EA,100,100,9,1600,8,active,,N,CoC;RoHS,
AF-10106,fasteners,"Hex cap screw, 1/4-20 x 2 in, Grade 8, yellow zinc",Tallis Fastener Co.,TF-HC2520-G8Y,S-TAL,TF-HC2520-G8Y,EA,100,100,16,1850,8,active,,N,CoC;MTR;RoHS,
AF-10107,fasteners,"Hex cap screw, 3/8-16 x 1 in, Grade 5, zinc plated",Tallis Fastener Co.,TF-HC3810-G5Z,S-TAL,TF-HC3810-G5Z,EA,100,100,13,1200,8,active,,N,CoC;RoHS,
AF-10108,fasteners,"Hex cap screw, 3/8-16 x 1 in, Grade 8, yellow zinc",Tallis Fastener Co.,TF-HC3810-G8Y,S-TAL,TF-HC3810-G8Y,EA,100,100,23,2000,8,active,,N,CoC;MTR;RoHS,
AF-10109,fasteners,"Hex cap screw, 3/8-16 x 1-1/2 in, Grade 5, zinc plated",Tallis Fastener Co.,TF-HC3815-G5Z,S-TAL,TF-HC3815-G5Z,EA,100,100,17,800,8,active,,N,CoC;RoHS,
AF-10110,fasteners,"Hex cap screw, 3/8-16 x 1-1/2 in, Grade 8, yellow zinc",Tallis Fastener Co.,TF-HC3815-G8Y,S-TAL,TF-HC3815-G8Y,EA,100,100,28,1100,8,active,,N,CoC;MTR;RoHS,
AF-10111,fasteners,"Hex cap screw, 3/8-16 x 2 in, Grade 5, zinc plated",Tallis Fastener Co.,TF-HC3820-G5Z,S-TAL,TF-HC3820-G5Z,EA,100,100,20,1350,8,active,,N,CoC;RoHS,
AF-10112,fasteners,"Hex cap screw, 3/8-16 x 2 in, Grade 8, yellow zinc",Tallis Fastener Co.,TF-HC3820-G8Y,S-TAL,TF-HC3820-G8Y,EA,100,100,34,1600,8,active,,N,CoC;MTR;RoHS,
AF-10113,fasteners,"Hex cap screw, 1/2-13 x 1 in, Grade 5, zinc plated",Tallis Fastener Co.,TF-HC5010-G5Z,S-TAL,TF-HC5010-G5Z,EA,50,50,27,1850,8,active,,N,CoC;RoHS,
AF-10114,fasteners,"Hex cap screw, 1/2-13 x 1 in, Grade 8, yellow zinc",Tallis Fastener Co.,TF-HC5010-G8Y,S-TAL,TF-HC5010-G8Y,EA,50,50,46,2100,8,active,,N,CoC;MTR;RoHS,
AF-10115,fasteners,"Hex cap screw, 1/2-13 x 1-1/2 in, Grade 5, zinc plated",Tallis Fastener Co.,TF-HC5015-G5Z,S-TAL,TF-HC5015-G5Z,EA,50,50,34,600,8,active,,N,CoC;RoHS,
AF-10116,fasteners,"Hex cap screw, 1/2-13 x 1-1/2 in, Grade 8, yellow zinc",Tallis Fastener Co.,TF-HC5015-G8Y,S-TAL,TF-HC5015-G8Y,EA,50,50,58,850,8,active,,N,CoC;MTR;RoHS,
AF-10117,fasteners,"Hex cap screw, 1/2-13 x 2 in, Grade 5, zinc plated",Tallis Fastener Co.,TF-HC5020-G5Z,S-TAL,TF-HC5020-G5Z,EA,50,50,41,380,8,active,,N,CoC;RoHS,HCS-1/2X2-G5
AF-10118,fasteners,"Hex cap screw, 1/2-13 x 2 in, Grade 8, yellow zinc",Tallis Fastener Co.,TF-HC5020-G8Y,S-TAL,TF-HC5020-G8Y,EA,50,50,69,1350,8,active,,N,CoC;MTR;RoHS,
AF-10190,fasteners,"Hex cap screw, 3/8-16 x 1-1/2 in, Grade 5, cadmium plated",Tallis Fastener Co.,TF-HC3815-G5C,S-TAL,TF-HC3815-G5C,EA,100,100,14,0,8,obsolete,AF-10109,N,CoC,
AF-10201,fasteners,"Hex nut, 1/4-20, Grade 5, zinc plated",Tallis Fastener Co.,TF-HN25-G5Z,S-TAL,TF-HN25-G5Z,EA,100,100,2,1850,8,active,,N,CoC;RoHS,
AF-10202,fasteners,"Hex nut, 1/4-20, Grade 8, yellow zinc",Tallis Fastener Co.,TF-HN25-G8Y,S-TAL,TF-HN25-G8Y,EA,100,100,4,2100,8,active,,N,CoC;MTR;RoHS,
AF-10203,fasteners,"Hex nut, 3/8-16, Grade 5, zinc plated",Tallis Fastener Co.,TF-HN38-G5Z,S-TAL,TF-HN38-G5Z,EA,100,100,4,3000,8,active,,N,CoC;RoHS,
AF-10204,fasteners,"Hex nut, 3/8-16, Grade 8, yellow zinc",Tallis Fastener Co.,TF-HN38-G8Y,S-TAL,TF-HN38-G8Y,EA,100,100,7,850,8,active,,N,CoC;MTR;RoHS,
AF-10205,fasteners,"Hex nut, 1/2-13, Grade 5, zinc plated",Tallis Fastener Co.,TF-HN50-G5Z,S-TAL,TF-HN50-G5Z,EA,100,100,9,2400,8,active,,N,CoC;RoHS,
AF-10206,fasteners,"Hex nut, 1/2-13, Grade 8, yellow zinc",Tallis Fastener Co.,TF-HN50-G8Y,S-TAL,TF-HN50-G8Y,EA,100,100,16,1350,8,active,,N,CoC;MTR;RoHS,
AF-10301,fasteners,"Flat washer, 1/4 USS, zinc plated",Tallis Fastener Co.,TF-FW25-ZN,S-TAL,TF-FW25-ZN,EA,100,100,2,1600,8,active,,N,CoC;RoHS,
AF-10302,fasteners,"Flat washer, 3/8 USS, zinc plated",Tallis Fastener Co.,TF-FW38-ZN,S-TAL,TF-FW38-ZN,EA,100,100,3,900,8,active,,N,CoC;RoHS,
AF-10303,fasteners,"Flat washer, 1/2 USS, zinc plated",Tallis Fastener Co.,TF-FW50-ZN,S-TAL,TF-FW50-ZN,EA,100,100,5,1500,8,active,,N,CoC;RoHS,
AF-10401,fasteners,"Socket head cap screw, M6 x 20 mm, class 12.9, black oxide",Tallis Fastener Co.,TF-SH0620-BO,S-TAL,TF-SH0620-BO,EA,50,50,16,600,8,active,,N,CoC;MTR,
AF-10402,fasteners,"Socket head cap screw, M8 x 25 mm, class 12.9, black oxide",Tallis Fastener Co.,TF-SH0825-BO,S-TAL,TF-SH0825-BO,EA,50,50,26,3000,8,active,,N,CoC;MTR,
AF-10403,fasteners,"Socket head cap screw, M10 x 30 mm, class 12.9, black oxide",Tallis Fastener Co.,TF-SH1030-BO,S-TAL,TF-SH1030-BO,EA,50,50,47,500,8,active,,N,CoC;MTR,
AF-20101,bearings,"Deep groove ball bearing, 6203-2RS, 17 mm bore, rubber sealed both sides",Orbit Motion Components,OM-6203-2RS,S-ORB,OM-6203-2RS,EA,1,1,310,30,12,active,,N,CoC,6203
AF-20102,bearings,"Deep groove ball bearing, 6203-ZZ, 17 mm bore, metal shielded both sides",Orbit Motion Components,OM-6203-ZZ,S-ORB,OM-6203-ZZ,EA,1,1,285,40,12,active,,N,CoC,6203
AF-20103,bearings,"Deep groove ball bearing, 6204-2RS, 20 mm bore, rubber sealed both sides",Orbit Motion Components,OM-6204-2RS,S-ORB,OM-6204-2RS,EA,1,1,365,60,12,active,,N,CoC,6204
AF-20104,bearings,"Deep groove ball bearing, 6204-ZZ, 20 mm bore, metal shielded both sides",Orbit Motion Components,OM-6204-ZZ,S-ORB,OM-6204-ZZ,EA,1,1,340,35,12,active,,N,CoC,6204
AF-20105,bearings,"Deep groove ball bearing, 6205-2RS, 25 mm bore, rubber sealed both sides",Orbit Motion Components,OM-6205-2RS,S-ORB,OM-6205-2RS,EA,1,1,440,30,12,active,,N,CoC,6205
AF-20106,bearings,"Deep groove ball bearing, 6205-ZZ, 25 mm bore, metal shielded both sides",Orbit Motion Components,OM-6205-ZZ,S-ORB,OM-6205-ZZ,EA,1,1,410,10,12,active,,N,CoC,6205
AF-20201,bearings,"Pillow block bearing, 1 in bore, cast iron housing",Orbit Motion Components,OM-PB-100,S-ORB,OM-PB-100,EA,1,1,1650,12,12,active,,N,CoC,
AF-20202,bearings,"Pillow block bearing, 1-1/4 in bore, cast iron housing",Orbit Motion Components,OM-PB-125,S-ORB,OM-PB-125,EA,1,1,2240,20,12,active,,N,CoC,
AF-20301,belts,"V-belt, A section, 42 in",Orbit Motion Components,OM-VB-A42,S-ORB,OM-VB-A42,EA,1,1,690,40,12,active,,N,CoC,
AF-20302,belts,"V-belt, A section, 48 in",Orbit Motion Components,OM-VB-A48,S-ORB,OM-VB-A48,EA,1,1,760,15,12,active,,N,CoC,
AF-20303,belts,"V-belt, B section, 55 in",Orbit Motion Components,OM-VB-B55,S-ORB,OM-VB-B55,EA,1,1,1120,25,12,active,,N,CoC,
AF-20401,chain,"Roller chain, #40, riveted, 10 ft box",Orbit Motion Components,OM-RC40-10,S-ORB,OM-RC40-10,EA,1,1,3150,2,12,active,,N,CoC,
AF-20402,chain,"Roller chain, #50, riveted, 10 ft box",Orbit Motion Components,OM-RC50-10,S-ORB,OM-RC50-10,EA,1,1,4980,5,12,active,,N,CoC,
AF-20501,motors,"Gear motor, 1/2 HP, 60 RPM, right angle, 115/230 V",Orbit Motion Components,OM-GM-0560-RA,S-ORB,OM-GM-0560-RA,EA,1,1,41200,1,25,active,,N,CoC,
AF-30101,fittings,"Hydraulic adapter, -6 JIC male x 3/8 NPT male, steel",Keel Fluid Power,KF-JM-0606,S-KEL,KF-JM-0606,EA,1,1,210,80,10,active,,N,CoC;RoHS,
AF-30102,fittings,"Hydraulic adapter, -8 JIC male x 1/2 NPT male, steel",Keel Fluid Power,KF-JM-0808,S-KEL,KF-JM-0808,EA,1,1,290,120,10,active,,N,CoC;RoHS,
AF-30103,fittings,"Hydraulic adapter, -8 JIC male x 3/4 NPT male, steel",Keel Fluid Power,KF-JM-0812,S-KEL,KF-JM-0812,EA,1,1,380,20,10,active,,N,CoC;RoHS,
AF-30201,hose,"Hydraulic hose, 3/8 in ID, 2-wire braid",Keel Fluid Power,KF-H2W-06,S-KEL,KF-H2W-06,FT,1,50,285,600,10,active,,N,CoC,
AF-30202,hose,"Hydraulic hose, 1/2 in ID, 2-wire braid",Keel Fluid Power,KF-H2W-08,S-KEL,KF-H2W-08,FT,1,50,365,250,10,active,,N,CoC,
AF-30301,o-rings,"O-ring, -214, Buna-N 70A",Keel Fluid Power,KF-OR-N70-214,S-KEL,KF-OR-N70-214,EA,100,100,4,4000,10,active,,N,CoC;RoHS;REACH,
AF-30302,o-rings,"O-ring, -216, Buna-N 70A",Keel Fluid Power,KF-OR-N70-216,S-KEL,KF-OR-N70-216,EA,100,100,5,8000,10,active,,N,CoC;RoHS;REACH,
AF-30303,o-rings,"O-ring, -222, Buna-N 70A",Keel Fluid Power,KF-OR-N70-222,S-KEL,KF-OR-N70-222,EA,100,100,6,3000,10,active,,N,CoC;RoHS;REACH,
AF-30304,o-rings,"O-ring, -214, FKM 75A",Keel Fluid Power,KF-OR-V75-214,S-KEL,KF-OR-V75-214,EA,100,100,22,900,10,active,,N,CoC;RoHS;REACH,
AF-30401,valves,"Ball valve, 1/2 in NPT, brass, full port",Keel Fluid Power,KF-BV-B050,S-KEL,KF-BV-B050,EA,1,1,1180,30,10,active,,N,CoC;RoHS,BV-050-BR
AF-30402,valves,"Ball valve, 3/4 in NPT, brass, full port",Keel Fluid Power,KF-BV-B075,S-KEL,KF-BV-B075,EA,1,1,1640,24,10,active,,N,CoC;RoHS,
AF-30403,valves,"Ball valve, 1 in NPT, 316 stainless, full port",Keel Fluid Power,KF-BV-S100,S-KEL,KF-BV-S100,EA,1,1,4870,20,10,active,,N,CoC;MTR,
AF-30501,pneumatics,"Air cylinder, 1-1/2 in bore x 4 in stroke, double acting",Keel Fluid Power,KF-PC-150-400,S-KEL,KF-PC-150-400,EA,1,1,6420,8,10,active,,N,CoC,
AF-30502,pneumatics,"Air cylinder, 2 in bore x 6 in stroke, double acting",Keel Fluid Power,KF-PC-200-600,S-KEL,KF-PC-200-600,EA,1,1,8930,5,10,active,,N,CoC,
AF-30601,pneumatics,"Solenoid valve, 5/2, 1/4 NPT, 24 VDC coil",Keel Fluid Power,KF-SV52-025-24D,S-KEL,KF-SV52-025-24D,EA,1,1,5480,9,10,active,,N,CoC;RoHS,
AF-40101,sensors,"Inductive proximity sensor, M12, 4 mm range, PNP NO, 2 m cable",Vantor Electric Supply,VE-PX12-4P,S-VAN,VE-PX12-4P,EA,1,1,1890,40,15,active,,N,CoC;RoHS;REACH,
AF-40102,sensors,"Inductive proximity sensor, M12, 4 mm range, PNP NO, M12 connector",Vantor Electric Supply,VE-PX12-4P-C,S-VAN,VE-PX12-4P-C,EA,1,1,2140,50,15,active,,N,CoC;RoHS;REACH,
AF-40103,sensors,"Inductive proximity sensor, M18, 8 mm range, PNP NO, 2 m cable",Vantor Electric Supply,VE-PX18-8P,S-VAN,VE-PX18-8P,EA,1,1,2360,18,15,active,,N,CoC;RoHS;REACH,
AF-40190,sensors,"Inductive proximity sensor, M12, 4 mm range, PNP NO, 2 m cable, old housing",Vantor Electric Supply,VE-PX12-4P-L,S-VAN,VE-PX12-4P-L,EA,1,1,1750,0,15,obsolete,AF-40101,N,CoC,
AF-40201,terminals,"DIN rail terminal block, 4 mm2, gray",Vantor Electric Supply,VE-TB4-GY,S-VAN,VE-TB4-GY,EA,50,50,58,5000,15,active,,N,CoC;RoHS,
AF-40202,terminals,"DIN rail terminal block, 4 mm2, blue",Vantor Electric Supply,VE-TB4-BU,S-VAN,VE-TB4-BU,EA,50,50,58,1500,15,active,,N,CoC;RoHS,
AF-40203,terminals,"DIN rail ground terminal block, 4 mm2, green-yellow",Vantor Electric Supply,VE-TB4-PE,S-VAN,VE-TB4-PE,EA,25,25,214,150,15,active,,N,CoC;RoHS,
AF-40301,glands,"Cable gland, M20, nylon, IP68",Vantor Electric Supply,VE-CG-M20-NY,S-VAN,VE-CG-M20-NY,EA,25,25,61,500,15,active,,N,CoC;RoHS,
AF-40302,glands,"Cable gland, M25, nylon, IP68",Vantor Electric Supply,VE-CG-M25-NY,S-VAN,VE-CG-M25-NY,EA,25,25,88,35,15,active,,N,CoC;RoHS,
AF-40401,relays,"Plug-in relay, 24 VDC coil, DPDT, 8-pin",Vantor Electric Supply,VE-RL-24D-DP,S-VAN,VE-RL-24D-DP,EA,1,1,760,140,15,active,,N,CoC;RoHS,
AF-40402,relays,"Relay socket, 8-pin, DIN rail mount",Vantor Electric Supply,VE-RS-8P,S-VAN,VE-RS-8P,EA,1,1,410,90,15,active,,N,CoC;RoHS,
AF-40501,motion,"Precision motion controller, 8-axis",Vantor Electric Supply,VE-MC-8X,S-VAN,VE-MC-8X,EA,1,1,185000,2,30,active,,Y,CoC,
AF-40502,motion,"Absolute rotary encoder, 25-bit",Vantor Electric Supply,VE-ENC-25B,S-VAN,VE-ENC-25B,EA,1,1,64000,6,30,active,,Y,CoC,
